,ASeas_Pos,ASeas_Draw,ASeas_Goals_For,ASeas_Goal_Difference,ASeas_Pts,HSeas_Pos,HSeas_Draw,HSeas_Goals_For,HSeas_Goal_Difference,HSeas_Pts,A_Team_number,A_Av_Salary_Club,A_Draw,A_Goals_For,A_Goal_Difference,H_Team_number,H_Av_Salary_Club,H_Draw,H_Goals_For,H_Goal_Difference,AVERAGE_ODD_WIN,AVERAGE_ODD_DRAW,AVERAGE_ODD_OPPONENT_WIN,year,month,RandomNumber
0,0,0,0,0,0,2,7,89,67,97,19,0.65,92,365,-145,14,4.86,262,1774,728,1.83,3.7,4.33,2019,8,1746
1,1,2,95,72,98,10,7,52,-3,52,15,5.99,196,1374,399,28,3.19,228,1064,-205,1.83,3.7,4.33,2019,8,1389
2,16,12,45,-20,39,15,7,45,-23,40,21,2.67,214,937,-150,5,1.6,44,190,-107,1.83,3.7,4.33,2019,8,728
3,0,0,0,0,0,4,2,67,28,71,2,1.3,275,1117,-69,25,3.52,257,1547,241,1.83,3.7,4.33,2019,8,1179
4,17,9,35,-25,36,11,8,52,-7,50,4,1.7,22,69,-45,26,1.78,51,240,-137,1.83,3.7,4.33,2019,8,1025
5,0,0,0,0,0,14,6,56,-14,45,20,0.62,36,128,-40,3,1.99,36,201,-64,1.83,3.7,4.33,2019,8,347
6,8,9,54,8,54,12,7,51,-2,49,9,3.25,296,1357,46,8,2.76,96,425,-139,1.83,3.7,4.33,2019,8,1532
7,7,9,47,1,57,9,7,51,3,52,29,1.76,49,203,-124,13,2.71,136,623,-95,1.83,3.7,4.33,2019,8,1147
8,5,7,73,22,70,13,9,42,-6,45,1,4.85,260,1845,832,18,1.65,234,1249,14,1.83,3.7,4.33,2019,8,557
9,3,9,63,24,72,6,9,65,11,66,7,5.02,257,1770,768,16,6.53,224,1989,1060,1.83,3.7,4.33,2019,8,1341
10,15,7,45,-23,40,5,7,73,22,70,5,1.6,44,190,-107,1,4.85,260,1845,832,1.83,3.7,4.33,2019,8,1422
11,14,6,56,-14,45,0,0,0,0,0,3,1.99,36,201,-64,2,1.3,275,1117,-69,1.83,3.7,4.33,2019,8,991
12,13,9,42,-6,45,0,0,0,0,0,18,1.65,234,1249,14,19,0.65,92,365,-145,1.83,3.7,4.33,2019,8,1007
13,4,2,67,28,71,1,2,95,72,98,25,3.52,257,1547,241,15,5.99,196,1374,399,1.83,3.7,4.33,2019,8,1710
14,10,7,52,-3,52,17,9,35,-25,36,28,3.19,228,1064,-205,4,1.7,22,69,-45,1.83,3.7,4.33,2019,8,467
15,2,7,89,67,97,16,12,45,-20,39,14,4.86,262,1774,728,21,2.67,214,937,-150,1.83,3.7,4.33,2019,8,688
16,11,8,52,-7,50,8,9,54,8,54,26,1.78,51,240,-137,9,3.25,296,1357,46,1.83,3.7,4.33,2019,8,461
17,12,7,51,-2,49,0,0,0,0,0,8,2.76,96,425,-139,20,0.62,36,128,-40,1.83,3.7,4.33,2019,8,621
18,9,7,51,3,52,3,9,63,24,72,13,2.71,136,623,-95,7,5.02,257,1770,768,1.83,3.7,4.33,2019,8,509
19,6,9,65,11,66,7,9,47,1,57,16,6.53,224,1989,1060,29,1.76,49,203,-124,1.83,3.7,4.33,2019,8,1690
20,8,9,54,8,54,0,0,0,0,0,9,3.25,296,1357,46,2,1.3,275,1117,-69,1.83,3.7,4.33,2019,8,85
21,10,7,52,-3,52,11,8,52,-7,50,28,3.19,228,1064,-205,26,1.78,51,240,-137,1.83,3.7,4.33,2019,8,124
22,5,7,73,22,70,2,7,89,67,97,1,4.85,260,1845,832,14,4.86,262,1774,728,1.83,3.7,4.33,2019,8,1806
23,3,9,63,24,72,0,0,0,0,0,7,5.02,257,1770,768,19,0.65,92,365,-145,1.83,3.7,4.33,2019,8,925
24,9,7,51,3,52,0,0,0,0,0,13,2.71,136,623,-95,20,0.62,36,128,-40,1.83,3.7,4.33,2019,8,221
25,12,7,51,-2,49,6,9,65,11,66,8,2.76,96,425,-139,16,6.53,224,1989,1060,1.83,3.7,4.33,2019,8,1436
26,16,12,45,-20,39,17,9,35,-25,36,21,2.67,214,937,-150,4,1.7,22,69,-45,1.83,3.7,4.33,2019,8,1645
27,15,7,45,-23,40,7,9,47,1,57,5,1.6,44,190,-107,29,1.76,49,203,-124,1.83,3.7,4.33,2019,8,1357
28,13,9,42,-6,45,4,2,67,28,71,18,1.65,234,1249,14,25,3.52,257,1547,241,1.83,3.7,4.33,2019,8,997
29,1,2,95,72,98,14,6,56,-14,45,15,5.99,196,1374,399,3,1.99,36,201,-64,1.83,3.7,4.33,2019,8,1096
30,0,0,0,0,0,10,7,52,-3,52,19,0.65,92,365,-145,28,3.19,228,1064,-205,1.83,3.7,4.33,2019,8,488
31,11,8,52,-7,50,13,9,42,-6,45,26,1.78,51,240,-137,18,1.65,234,1249,14,1.83,3.7,4.33,2019,8,1632
32,17,9,35,-25,36,1,2,95,72,98,4,1.7,22,69,-45,15,5.99,196,1374,399,1.83,3.7,4.33,2019,8,1086
33,0,0,0,0,0,12,7,51,-2,49,2,1.3,275,1117,-69,8,2.76,96,425,-139,1.83,3.7,4.33,2019,8,1017
34,6,9,65,11,66,16,12,45,-20,39,16,6.53,224,1989,1060,21,2.67,214,937,-150,1.83,3.7,4.33,2019,8,653
35,2,7,89,67,97,15,7,45,-23,40,14,4.86,262,1774,728,5,1.6,44,190,-107,1.83,3.7,4.33,2019,8,859
36,14,6,56,-14,45,9,7,51,3,52,3,1.99,36,201,-64,13,2.71,136,623,-95,1.83,3.7,4.33,2019,8,656
37,0,0,0,0,0,3,9,63,24,72,20,0.62,36,128,-40,7,5.02,257,1770,768,1.83,3.7,4.33,2019,8,1654
38,7,9,47,1,57,8,9,54,8,54,29,1.76,49,203,-124,9,3.25,296,1357,46,1.83,3.7,4.33,2019,9,1768
39,4,2,67,28,71,5,7,73,22,70,25,3.52,257,1547,241,1,4.85,260,1845,832,1.83,3.7,4.33,2019,9,710
40,13,9,42,-6,45,2,7,89,67,97,18,1.65,234,1249,14,14,4.86,262,1774,728,1.83,3.7,4.33,2019,9,863
41,3,9,63,24,72,7,9,47,1,57,7,5.02,257,1770,768,29,1.76,49,203,-124,1.83,3.7,4.33,2019,9,1313
42,16,12,45,-20,39,0,0,0,0,0,21,2.67,214,937,-150,20,0.62,36,128,-40,1.83,3.7,4.33,2019,9,441
43,9,7,51,3,52,6,9,65,11,66,13,2.71,136,623,-95,16,6.53,224,1989,1060,1.83,3.7,4.33,2019,9,523
44,1,2,95,72,98,0,0,0,0,0,15,5.99,196,1374,399,19,0.65,92,365,-145,1.83,3.7,4.33,2019,9,257
45,12,7,51,-2,49,4,2,67,28,71,8,2.76,96,425,-139,25,3.52,257,1547,241,1.83,3.7,4.33,2019,9,536
46,15,7,45,-23,40,17,9,35,-25,36,5,1.6,44,190,-107,4,1.7,22,69,-45,1.83,3.7,4.33,2019,9,209
47,8,9,54,8,54,14,6,56,-14,45,9,3.25,296,1357,46,3,1.99,36,201,-64,1.83,3.7,4.33,2019,9,1800
48,5,7,73,22,70,11,8,52,-7,50,1,4.85,260,1845,832,26,1.78,51,240,-137,1.83,3.7,4.33,2019,9,199
49,10,7,52,-3,52,0,0,0,0,0,28,3.19,228,1064,-205,2,1.3,275,1117,-69,1.83,3.7,4.33,2019,9,910
50,14,6,56,-14,45,16,12,45,-20,39,3,1.99,36,201,-64,21,2.67,214,937,-150,1.83,3.7,4.33,2019,9,140
51,0,0,0,0,0,8,9,54,8,54,20,0.62,36,128,-40,9,3.25,296,1357,46,1.83,3.7,4.33,2019,9,905
52,11,8,52,-7,50,1,2,95,72,98,26,1.78,51,240,-137,15,5.99,196,1374,399,1.83,3.7,4.33,2019,9,1185
53,4,2,67,28,71,9,7,51,3,52,25,3.52,257,1547,241,13,2.71,136,623,-95,1.83,3.7,4.33,2019,9,1541
54,0,0,0,0,0,15,7,45,-23,40,19,0.65,92,365,-145,5,1.6,44,190,-107,1.83,3.7,4.33,2019,9,1034
55,17,9,35,-25,36,13,9,42,-6,45,4,1.7,22,69,-45,18,1.65,234,1249,14,1.83,3.7,4.33,2019,9,1288
56,2,7,89,67,97,3,9,63,24,72,14,4.86,262,1774,728,7,5.02,257,1770,768,1.83,3.7,4.33,2019,9,1334
57,7,9,47,1,57,12,7,51,-2,49,29,1.76,49,203,-124,8,2.76,96,425,-139,1.83,3.7,4.33,2019,9,16
58,0,0,0,0,0,5,7,73,22,70,2,1.3,275,1117,-69,1,4.85,260,1845,832,1.83,3.7,4.33,2019,9,668
59,6,9,65,11,66,10,7,52,-3,52,16,6.53,224,1989,1060,28,3.19,228,1064,-205,1.83,3.7,4.33,2019,9,1449
60,1,2,95,72,98,8,9,54,8,54,15,5.99,196,1374,399,9,3.25,296,1357,46,1.83,3.7,4.33,2019,9,624
61,15,7,45,-23,40,0,0,0,0,0,5,1.6,44,190,-107,2,1.3,275,1117,-69,1.83,3.7,4.33,2019,9,649
62,2,7,89,67,97,0,0,0,0,0,14,4.86,262,1774,728,20,0.62,36,128,-40,1.83,3.7,4.33,2019,9,1567
63,11,8,52,-7,50,7,9,47,1,57,26,1.78,51,240,-137,29,1.76,49,203,-124,1.83,3.7,4.33,2019,9,1669
64,10,7,52,-3,52,14,6,56,-14,45,28,3.19,228,1064,-205,3,1.99,36,201,-64,1.83,3.7,4.33,2019,9,469
65,0,0,0,0,0,12,7,51,-2,49,19,0.65,92,365,-145,8,2.76,96,425,-139,1.83,3.7,4.33,2019,9,950
66,17,9,35,-25,36,3,9,63,24,72,4,1.7,22,69,-45,7,5.02,257,1770,768,1.83,3.7,4.33,2019,9,982
67,16,12,45,-20,39,4,2,67,28,71,21,2.67,214,937,-150,25,3.52,257,1547,241,1.83,3.7,4.33,2019,9,850
68,13,9,42,-6,45,9,7,51,3,52,18,1.65,234,1249,14,13,2.71,136,623,-95,1.83,3.7,4.33,2019,9,668
69,5,7,73,22,70,6,9,65,11,66,1,4.85,260,1845,832,16,6.53,224,1989,1060,1.83,3.7,4.33,2019,9,1210
70,9,7,51,3,52,2,7,89,67,97,13,2.71,136,623,-95,14,4.86,262,1774,728,1.83,3.7,4.33,2019,10,199
71,0,0,0,0,0,11,8,52,-7,50,20,0.62,36,128,-40,26,1.78,51,240,-137,1.83,3.7,4.33,2019,10,1563
72,4,2,67,28,71,17,9,35,-25,36,25,3.52,257,1547,241,4,1.7,22,69,-45,1.83,3.7,4.33,2019,10,1279
73,0,0,0,0,0,0,0,0,0,0,2,1.3,275,1117,-69,19,0.65,92,365,-145,1.83,3.7,4.33,2019,10,1273
74,12,7,51,-2,49,10,7,52,-3,52,8,2.76,96,425,-139,28,3.19,228,1064,-205,1.83,3.7,4.33,2019,10,841
75,8,9,54,8,54,15,7,45,-23,40,9,3.25,296,1357,46,5,1.6,44,190,-107,1.83,3.7,4.33,2019,10,1411
76,3,9,63,24,72,16,12,45,-20,39,7,5.02,257,1770,768,21,2.67,214,937,-150,1.83,3.7,4.33,2019,10,1739
77,7,9,47,1,57,1,2,95,72,98,29,1.76,49,203,-124,15,5.99,196,1374,399,1.83,3.7,4.33,2019,10,1713
78,14,6,56,-14,45,5,7,73,22,70,3,1.99,36,201,-64,1,4.85,260,1845,832,1.83,3.7,4.33,2019,10,101
79,6,9,65,11,66,13,9,42,-6,45,16,6.53,224,1989,1060,18,1.65,234,1249,14,1.83,3.7,4.33,2019,10,358
80,1,2,95,72,98,12,7,51,-2,49,15,5.99,196,1374,399,8,2.76,96,425,-139,1.83,3.7,4.33,2019,10,712
81,10,7,52,-3,52,8,9,54,8,54,28,3.19,228,1064,-205,9,3.25,296,1357,46,1.83,3.7,4.33,2019,10,518
82,15,7,45,-23,40,9,7,51,3,52,5,1.6,44,190,-107,13,2.71,136,623,-95,1.83,3.7,4.33,2019,10,859
83,11,8,52,-7,50,4,2,67,28,71,26,1.78,51,240,-137,25,3.52,257,1547,241,1.83,3.7,4.33,2019,10,1506
84,0,0,0,0,0,14,6,56,-14,45,19,0.65,92,365,-145,3,1.99,36,201,-64,1.83,3.7,4.33,2019,10,1820
85,17,9,35,-25,36,0,0,0,0,0,4,1.7,22,69,-45,2,1.3,275,1117,-69,1.83,3.7,4.33,2019,10,94
86,13,9,42,-6,45,3,9,63,24,72,18,1.65,234,1249,14,7,5.02,257,1770,768,1.83,3.7,4.33,2019,10,1008
87,16,12,45,-20,39,7,9,47,1,57,21,2.67,214,937,-150,29,1.76,49,203,-124,1.83,3.7,4.33,2019,10,12
88,2,7,89,67,97,6,9,65,11,66,14,4.86,262,1774,728,16,6.53,224,1989,1060,1.83,3.7,4.33,2019,10,471
89,5,7,73,22,70,0,0,0,0,0,1,4.85,260,1845,832,20,0.62,36,128,-40,1.83,3.7,4.33,2019,10,919
90,9,7,51,3,52,16,12,45,-20,39,13,2.71,136,623,-95,21,2.67,214,937,-150,1.83,3.7,4.33,2019,10,787
91,8,9,54,8,54,17,9,35,-25,36,9,3.25,296,1357,46,4,1.7,22,69,-45,1.83,3.7,4.33,2019,10,1241
92,3,9,63,24,72,15,7,45,-23,40,7,5.02,257,1770,768,5,1.6,44,190,-107,1.83,3.7,4.33,2019,10,222
93,0,0,0,0,0,1,2,95,72,98,2,1.3,275,1117,-69,15,5.99,196,1374,399,1.83,3.7,4.33,2019,10,210
94,0,0,0,0,0,10,7,52,-3,52,20,0.62,36,128,-40,28,3.19,228,1064,-205,1.83,3.7,4.33,2019,10,329
95,14,6,56,-14,45,11,8,52,-7,50,3,1.99,36,201,-64,26,1.78,51,240,-137,1.83,3.7,4.33,2019,10,1471
96,4,2,67,28,71,2,7,89,67,97,25,3.52,257,1547,241,14,4.86,262,1774,728,1.83,3.7,4.33,2019,10,883
97,7,9,47,1,57,13,9,42,-6,45,29,1.76,49,203,-124,18,1.65,234,1249,14,1.83,3.7,4.33,2019,10,1627
98,12,7,51,-2,49,5,7,73,22,70,8,2.76,96,425,-139,1,4.85,260,1845,832,1.83,3.7,4.33,2019,10,584
99,6,9,65,11,66,0,0,0,0,0,16,6.53,224,1989,1060,19,0.65,92,365,-145,1.83,3.7,4.33,2019,10,1528
100,3,9,63,24,72,11,8,52,-7,50,7,5.02,257,1770,768,26,1.78,51,240,-137,1.83,3.7,4.33,2019,11,1887
101,0,0,0,0,0,17,9,35,-25,36,19,0.65,92,365,-145,4,1.7,22,69,-45,1.83,3.7,4.33,2019,11,1642
102,13,9,42,-6,45,10,7,52,-3,52,18,1.65,234,1249,14,28,3.19,228,1064,-205,1.83,3.7,4.33,2019,11,1864
103,2,7,89,67,97,0,0,0,0,0,14,4.86,262,1774,728,2,1.3,275,1117,-69,1.83,3.7,4.33,2019,11,175
104,7,9,47,1,57,5,7,73,22,70,29,1.76,49,203,-124,1,4.85,260,1845,832,1.83,3.7,4.33,2019,11,1016
105,16,12,45,-20,39,1,2,95,72,98,21,2.67,214,937,-150,15,5.99,196,1374,399,1.83,3.7,4.33,2019,11,1076
106,6,9,65,11,66,14,6,56,-14,45,16,6.53,224,1989,1060,3,1.99,36,201,-64,1.83,3.7,4.33,2019,11,1167
107,15,7,45,-23,40,0,0,0,0,0,5,1.6,44,190,-107,20,0.62,36,128,-40,1.83,3.7,4.33,2019,11,444
108,9,7,51,3,52,12,7,51,-2,49,13,2.71,136,623,-95,8,2.76,96,425,-139,1.83,3.7,4.33,2019,11,1145
109,4,2,67,28,71,8,9,54,8,54,25,3.52,257,1547,241,9,3.25,296,1357,46,1.83,3.7,4.33,2019,11,1723
110,11,8,52,-7,50,0,0,0,0,0,26,1.78,51,240,-137,19,0.65,92,365,-145,1.83,3.7,4.33,2019,11,1502
111,0,0,0,0,0,4,2,67,28,71,20,0.62,36,128,-40,25,3.52,257,1547,241,1.83,3.7,4.33,2019,11,1760
112,10,7,52,-3,52,15,7,45,-23,40,28,3.19,228,1064,-205,5,1.6,44,190,-107,1.83,3.7,4.33,2019,11,1448
113,12,7,51,-2,49,3,9,63,24,72,8,2.76,96,425,-139,7,5.02,257,1770,768,1.83,3.7,4.33,2019,11,315
114,8,9,54,8,54,16,12,45,-20,39,9,3.25,296,1357,46,21,2.67,214,937,-150,1.83,3.7,4.33,2019,11,733
115,5,7,73,22,70,9,7,51,3,52,1,4.85,260,1845,832,13,2.71,136,623,-95,1.83,3.7,4.33,2019,11,1343
116,14,6,56,-14,45,13,9,42,-6,45,3,1.99,36,201,-64,18,1.65,234,1249,14,1.83,3.7,4.33,2019,11,1118
117,1,2,95,72,98,2,7,89,67,97,15,5.99,196,1374,399,14,4.86,262,1774,728,1.83,3.7,4.33,2019,11,204
118,17,9,35,-25,36,6,9,65,11,66,4,1.7,22,69,-45,16,6.53,224,1989,1060,1.83,3.7,4.33,2019,11,518
119,0,0,0,0,0,7,9,47,1,57,2,1.3,275,1117,-69,29,1.76,49,203,-124,1.83,3.7,4.33,2019,11,746
120,0,0,0,0,0,8,9,54,8,54,19,0.65,92,365,-145,9,3.25,296,1357,46,1.83,3.7,4.33,2019,11,1878
121,2,7,89,67,97,12,7,51,-2,49,14,4.86,262,1774,728,8,2.76,96,425,-139,1.83,3.7,4.33,2019,11,629
122,16,12,45,-20,39,5,7,73,22,70,21,2.67,214,937,-150,1,4.85,260,1845,832,1.83,3.7,4.33,2019,11,534
123,9,7,51,3,52,17,9,35,-25,36,13,2.71,136,623,-95,4,1.7,22,69,-45,1.83,3.7,4.33,2019,11,850
124,15,7,45,-23,40,11,8,52,-7,50,5,1.6,44,190,-107,26,1.78,51,240,-137,1.83,3.7,4.33,2019,11,1446
125,4,2,67,28,71,10,7,52,-3,52,25,3.52,257,1547,241,28,3.19,228,1064,-205,1.83,3.7,4.33,2019,11,1669
126,7,9,47,1,57,14,6,56,-14,45,29,1.76,49,203,-124,3,1.99,36,201,-64,1.83,3.7,4.33,2019,11,795
127,3,9,63,24,72,1,2,95,72,98,7,5.02,257,1770,768,15,5.99,196,1374,399,1.83,3.7,4.33,2019,11,969
128,6,9,65,11,66,0,0,0,0,0,16,6.53,224,1989,1060,20,0.62,36,128,-40,1.83,3.7,4.33,2019,11,306
129,13,9,42,-6,45,0,0,0,0,0,18,1.65,234,1249,14,2,1.3,275,1117,-69,1.83,3.7,4.33,2019,11,280
130,12,7,51,-2,49,15,7,45,-23,40,8,2.76,96,425,-139,5,1.6,44,190,-107,1.83,3.7,4.33,2019,11,628
131,14,6,56,-14,45,4,2,67,28,71,3,1.99,36,201,-64,25,3.52,257,1547,241,1.83,3.7,4.33,2019,11,1044
132,10,7,52,-3,52,3,9,63,24,72,28,3.19,228,1064,-205,7,5.02,257,1770,768,1.83,3.7,4.33,2019,11,1592
133,11,8,52,-7,50,16,12,45,-20,39,26,1.78,51,240,-137,21,2.67,214,937,-150,1.83,3.7,4.33,2019,11,802
134,1,2,95,72,98,13,9,42,-6,45,15,5.99,196,1374,399,18,1.65,234,1249,14,1.83,3.7,4.33,2019,11,936
135,17,9,35,-25,36,2,7,89,67,97,4,1.7,22,69,-45,14,4.86,262,1774,728,1.83,3.7,4.33,2019,11,261
136,0,0,0,0,0,7,9,47,1,57,20,0.62,36,128,-40,29,1.76,49,203,-124,1.83,3.7,4.33,2019,12,749
137,0,0,0,0,0,6,9,65,11,66,2,1.3,275,1117,-69,16,6.53,224,1989,1060,1.83,3.7,4.33,2019,12,1221
138,5,7,73,22,70,0,0,0,0,0,1,4.85,260,1845,832,19,0.65,92,365,-145,1.83,3.7,4.33,2019,12,1712
139,8,9,54,8,54,9,7,51,3,52,9,3.25,296,1357,46,13,2.71,136,623,-95,1.83,3.7,4.33,2019,12,1611
140,14,6,56,-14,45,12,7,51,-2,49,3,1.99,36,201,-64,8,2.76,96,425,-139,1.83,3.7,4.33,2019,12,425
141,1,2,95,72,98,15,7,45,-23,40,15,5.99,196,1374,399,5,1.6,44,190,-107,1.83,3.7,4.33,2019,12,1738
142,8,9,54,8,54,2,7,89,67,97,9,3.25,296,1357,46,14,4.86,262,1774,728,1.83,3.7,4.33,2019,12,1830
143,0,0,0,0,0,3,9,63,24,72,2,1.3,275,1117,-69,7,5.02,257,1770,768,1.83,3.7,4.33,2019,12,418
144,10,7,52,-3,52,7,9,47,1,57,28,3.19,228,1064,-205,29,1.76,49,203,-124,1.83,3.7,4.33,2019,12,1737
145,0,0,0,0,0,16,12,45,-20,39,19,0.65,92,365,-145,21,2.67,214,937,-150,1.83,3.7,4.33,2019,12,1705
146,4,2,67,28,71,6,9,65,11,66,25,3.52,257,1547,241,16,6.53,224,1989,1060,1.83,3.7,4.33,2019,12,1778
147,11,8,52,-7,50,9,7,51,3,52,26,1.78,51,240,-137,13,2.71,136,623,-95,1.83,3.7,4.33,2019,12,891
148,17,9,35,-25,36,5,7,73,22,70,4,1.7,22,69,-45,1,4.85,260,1845,832,1.83,3.7,4.33,2019,12,607
149,13,9,42,-6,45,0,0,0,0,0,18,1.65,234,1249,14,20,0.62,36,128,-40,1.83,3.7,4.33,2019,12,10
150,3,9,63,24,72,8,9,54,8,54,7,5.02,257,1770,768,9,3.25,296,1357,46,1.83,3.7,4.33,2019,12,1185
151,2,7,89,67,97,14,6,56,-14,45,14,4.86,262,1774,728,3,1.99,36,201,-64,1.83,3.7,4.33,2019,12,390
152,15,7,45,-23,40,4,2,67,28,71,5,1.6,44,190,-107,25,3.52,257,1547,241,1.83,3.7,4.33,2019,12,590
153,12,7,51,-2,49,11,8,52,-7,50,8,2.76,96,425,-139,26,1.78,51,240,-137,1.83,3.7,4.33,2019,12,1567
154,6,9,65,11,66,1,2,95,72,98,16,6.53,224,1989,1060,15,5.99,196,1374,399,1.83,3.7,4.33,2019,12,1116
155,0,0,0,0,0,0,0,0,0,0,20,0.62,36,128,-40,19,0.65,92,365,-145,1.83,3.7,4.33,2019,12,605
156,16,12,45,-20,39,13,9,42,-6,45,21,2.67,214,937,-150,18,1.65,234,1249,14,1.83,3.7,4.33,2019,12,905
157,9,7,51,3,52,0,0,0,0,0,13,2.71,136,623,-95,2,1.3,275,1117,-69,1.83,3.7,4.33,2019,12,311
158,7,9,47,1,57,17,9,35,-25,36,29,1.76,49,203,-124,4,1.7,22,69,-45,1.83,3.7,4.33,2019,12,886
159,5,7,73,22,70,10,7,52,-3,52,1,4.85,260,1845,832,28,3.19,228,1064,-205,1.83,3.7,4.33,2019,12,617
160,0,0,0,0,0,0,0,0,0,0,2,1.3,275,1117,-69,20,0.62,36,128,-40,1.83,3.7,4.33,2019,12,5
161,0,0,0,0,0,9,7,51,3,52,19,0.65,92,365,-145,13,2.71,136,623,-95,1.83,3.7,4.33,2019,12,406
162,14,6,56,-14,45,3,9,63,24,72,3,1.99,36,201,-64,7,5.02,257,1770,768,1.83,3.7,4.33,2019,12,130
163,13,9,42,-6,45,15,7,45,-23,40,18,1.65,234,1249,14,5,1.6,44,190,-107,1.83,3.7,4.33,2019,12,951
164,11,8,52,-7,50,2,7,89,67,97,26,1.78,51,240,-137,14,4.86,262,1774,728,1.83,3.7,4.33,2019,12,1517
165,10,7,52,-3,52,16,12,45,-20,39,28,3.19,228,1064,-205,21,2.67,214,937,-150,1.83,3.7,4.33,2019,12,78
166,8,9,54,8,54,6,9,65,11,66,9,3.25,296,1357,46,16,6.53,224,1989,1060,1.83,3.7,4.33,2019,12,124
167,4,2,67,28,71,7,9,47,1,57,25,3.52,257,1547,241,29,1.76,49,203,-124,1.83,3.7,4.33,2019,12,1263
168,1,2,95,72,98,5,7,73,22,70,15,5.99,196,1374,399,1,4.85,260,1845,832,1.83,3.7,4.33,2019,12,139
169,17,9,35,-25,36,12,7,51,-2,49,4,1.7,22,69,-45,8,2.76,96,425,-139,1.83,3.7,4.33,2019,12,49
170,9,7,51,3,52,1,2,95,72,98,13,2.71,136,623,-95,15,5.99,196,1374,399,1.83,3.7,4.33,2019,12,1119
171,0,0,0,0,0,17,9,35,-25,36,20,0.62,36,128,-40,4,1.7,22,69,-45,1.83,3.7,4.33,2019,12,1854
172,5,7,73,22,70,8,9,54,8,54,1,4.85,260,1845,832,9,3.25,296,1357,46,1.83,3.7,4.33,2019,12,330
173,15,7,45,-23,40,14,6,56,-14,45,5,1.6,44,190,-107,3,1.99,36,201,-64,1.83,3.7,4.33,2019,12,1327
174,12,7,51,-2,49,13,9,42,-6,45,8,2.76,96,425,-139,18,1.65,234,1249,14,1.83,3.7,4.33,2019,12,441
175,7,9,47,1,57,0,0,0,0,0,29,1.76,49,203,-124,19,0.65,92,365,-145,1.83,3.7,4.33,2019,12,363
176,16,12,45,-20,39,0,0,0,0,0,21,2.67,214,937,-150,2,1.3,275,1117,-69,1.83,3.7,4.33,2019,12,1269
177,6,9,65,11,66,11,8,52,-7,50,16,6.53,224,1989,1060,26,1.78,51,240,-137,1.83,3.7,4.33,2019,12,1420
178,3,9,63,24,72,4,2,67,28,71,7,5.02,257,1770,768,25,3.52,257,1547,241,1.83,3.7,4.33,2019,12,18
179,15,7,45,-23,40,8,9,54,8,54,5,1.6,44,190,-107,9,3.25,296,1357,46,1.83,3.7,4.33,2019,12,976
180,10,7,52,-3,52,12,7,51,-2,49,28,3.19,228,1064,-205,8,2.76,96,425,-139,1.83,3.7,4.33,2019,12,1638
181,17,9,35,-25,36,4,2,67,28,71,4,1.7,22,69,-45,25,3.52,257,1547,241,1.83,3.7,4.33,2019,12,1410
182,16,12,45,-20,39,3,9,63,24,72,21,2.67,214,937,-150,7,5.02,257,1770,768,1.83,3.7,4.33,2019,12,1588
183,13,9,42,-6,45,6,9,65,11,66,18,1.65,234,1249,14,16,6.53,224,1989,1060,1.83,3.7,4.33,2019,12,1321
184,0,0,0,0,0,0,0,0,0,0,19,0.65,92,365,-145,2,1.3,275,1117,-69,1.83,3.7,4.33,2019,12,1818
185,5,7,73,22,70,14,6,56,-14,45,1,4.85,260,1845,832,3,1.99,36,201,-64,1.83,3.7,4.33,2019,12,792
186,2,7,89,67,97,9,7,51,3,52,14,4.86,262,1774,728,13,2.71,136,623,-95,1.83,3.7,4.33,2019,12,1010
187,11,8,52,-7,50,0,0,0,0,0,26,1.78,51,240,-137,20,0.62,36,128,-40,1.83,3.7,4.33,2019,12,1816
188,1,2,95,72,98,7,9,47,1,57,15,5.99,196,1374,399,29,1.76,49,203,-124,1.83,3.7,4.33,2019,12,1573
189,14,6,56,-14,45,17,9,35,-25,36,3,1.99,36,201,-64,4,1.7,22,69,-45,1.83,3.7,4.33,2019,12,1529
190,0,0,0,0,0,11,8,52,-7,50,2,1.3,275,1117,-69,26,1.78,51,240,-137,1.83,3.7,4.33,2019,12,1461
191,9,7,51,3,52,10,7,52,-3,52,13,2.71,136,623,-95,28,3.19,228,1064,-205,1.83,3.7,4.33,2019,12,1526
192,8,9,54,8,54,13,9,42,-6,45,9,3.25,296,1357,46,18,1.65,234,1249,14,1.83,3.7,4.33,2019,12,801
193,12,7,51,-2,49,16,12,45,-20,39,8,2.76,96,425,-139,21,2.67,214,937,-150,1.83,3.7,4.33,2019,12,266
194,4,2,67,28,71,0,0,0,0,0,25,3.52,257,1547,241,19,0.65,92,365,-145,1.83,3.7,4.33,2019,12,1303
195,6,9,65,11,66,15,7,45,-23,40,16,6.53,224,1989,1060,5,1.6,44,190,-107,1.83,3.7,4.33,2019,12,1503
196,3,9,63,24,72,5,7,73,22,70,7,5.02,257,1770,768,1,4.85,260,1845,832,1.83,3.7,4.33,2019,12,1824
197,7,9,47,1,57,2,7,89,67,97,29,1.76,49,203,-124,14,4.86,262,1774,728,1.83,3.7,4.33,2019,12,533
198,0,0,0,0,0,1,2,95,72,98,20,0.62,36,128,-40,15,5.99,196,1374,399,1.83,3.7,4.33,2019,12,1086
199,3,9,63,24,72,17,9,35,-25,36,7,5.02,257,1770,768,4,1.7,22,69,-45,1.83,3.7,4.33,2020,1,1097
200,8,9,54,8,54,1,2,95,72,98,9,3.25,296,1357,46,15,5.99,196,1374,399,1.83,3.7,4.33,2020,1,279
201,7,9,47,1,57,11,8,52,-7,50,29,1.76,49,203,-124,26,1.78,51,240,-137,1.83,3.7,4.33,2020,1,1452
202,4,2,67,28,71,16,12,45,-20,39,25,3.52,257,1547,241,21,2.67,214,937,-150,1.83,3.7,4.33,2020,1,1327
203,14,6,56,-14,45,10,7,52,-3,52,3,1.99,36,201,-64,28,3.19,228,1064,-205,1.83,3.7,4.33,2020,1,160
204,9,7,51,3,52,13,9,42,-6,45,13,2.71,136,623,-95,18,1.65,234,1249,14,1.83,3.7,4.33,2020,1,1856
205,6,9,65,11,66,5,7,73,22,70,16,6.53,224,1989,1060,1,4.85,260,1845,832,1.83,3.7,4.33,2020,1,405
206,0,0,0,0,0,15,7,45,-23,40,2,1.3,275,1117,-69,5,1.6,44,190,-107,1.83,3.7,4.33,2020,1,1530
207,12,7,51,-2,49,0,0,0,0,0,8,2.76,96,425,-139,19,0.65,92,365,-145,1.83,3.7,4.33,2020,1,112
208,0,0,0,0,0,2,7,89,67,97,20,0.62,36,128,-40,14,4.86,262,1774,728,1.83,3.7,4.33,2020,1,62
209,10,7,52,-3,52,0,0,0,0,0,28,3.19,228,1064,-205,20,0.62,36,128,-40,1.83,3.7,4.33,2020,1,1683
210,13,9,42,-6,45,7,9,47,1,57,18,1.65,234,1249,14,29,1.76,49,203,-124,1.83,3.7,4.33,2020,1,1426
211,15,7,45,-23,40,3,9,63,24,72,5,1.6,44,190,-107,7,5.02,257,1770,768,1.83,3.7,4.33,2020,1,825
212,17,9,35,-25,36,8,9,54,8,54,4,1.7,22,69,-45,9,3.25,296,1357,46,1.83,3.7,4.33,2020,1,1217
213,0,0,0,0,0,6,9,65,11,66,19,0.65,92,365,-145,16,6.53,224,1989,1060,1.83,3.7,4.33,2020,1,1692
214,16,12,45,-20,39,9,7,51,3,52,21,2.67,214,937,-150,13,2.71,136,623,-95,1.83,3.7,4.33,2020,1,1608
215,5,7,73,22,70,12,7,51,-2,49,1,4.85,260,1845,832,8,2.76,96,425,-139,1.83,3.7,4.33,2020,1,71
216,2,7,89,67,97,4,2,67,28,71,14,4.86,262,1774,728,25,3.52,257,1547,241,1.83,3.7,4.33,2020,1,929
217,11,8,52,-7,50,14,6,56,-14,45,26,1.78,51,240,-137,3,1.99,36,201,-64,1.83,3.7,4.33,2020,1,625
218,1,2,95,72,98,0,0,0,0,0,15,5.99,196,1374,399,2,1.3,275,1117,-69,1.83,3.7,4.33,2020,1,1376
219,7,9,47,1,57,16,12,45,-20,39,29,1.76,49,203,-124,21,2.67,214,937,-150,1.83,3.7,4.33,2020,1,1713
220,0,0,0,0,0,5,7,73,22,70,20,0.62,36,128,-40,1,4.85,260,1845,832,1.83,3.7,4.33,2020,1,1564
221,14,6,56,-14,45,0,0,0,0,0,3,1.99,36,201,-64,19,0.65,92,365,-145,1.83,3.7,4.33,2020,1,390
222,3,9,63,24,72,13,9,42,-6,45,7,5.02,257,1770,768,18,1.65,234,1249,14,1.83,3.7,4.33,2020,1,134
223,0,0,0,0,0,17,9,35,-25,36,2,1.3,275,1117,-69,4,1.7,22,69,-45,1.83,3.7,4.33,2020,1,1815
224,4,2,67,28,71,11,8,52,-7,50,25,3.52,257,1547,241,26,1.78,51,240,-137,1.83,3.7,4.33,2020,1,1075
225,8,9,54,8,54,10,7,52,-3,52,9,3.25,296,1357,46,28,3.19,228,1064,-205,1.83,3.7,4.33,2020,1,364
226,12,7,51,-2,49,1,2,95,72,98,8,2.76,96,425,-139,15,5.99,196,1374,399,1.83,3.7,4.33,2020,1,1499
227,9,7,51,3,52,15,7,45,-23,40,13,2.71,136,623,-95,5,1.6,44,190,-107,1.83,3.7,4.33,2020,1,1319
228,6,9,65,11,66,2,7,89,67,97,16,6.53,224,1989,1060,14,4.86,262,1774,728,1.83,3.7,4.33,2020,1,623
229,13,9,42,-6,45,8,9,54,8,54,18,1.65,234,1249,14,9,3.25,296,1357,46,1.83,3.7,4.33,2020,1,469
230,1,2,95,72,98,0,0,0,0,0,15,5.99,196,1374,399,20,0.62,36,128,-40,1.83,3.7,4.33,2020,1,958
231,17,9,35,-25,36,14,6,56,-14,45,4,1.7,22,69,-45,3,1.99,36,201,-64,1.83,3.7,4.33,2020,1,685
232,5,7,73,22,70,3,9,63,24,72,1,4.85,260,1845,832,7,5.02,257,1770,768,1.83,3.7,4.33,2020,1,1265
233,16,12,45,-20,39,12,7,51,-2,49,21,2.67,214,937,-150,8,2.76,96,425,-139,1.83,3.7,4.33,2020,1,256
234,11,8,52,-7,50,0,0,0,0,0,26,1.78,51,240,-137,2,1.3,275,1117,-69,1.83,3.7,4.33,2020,1,911
235,10,7,52,-3,52,9,7,51,3,52,28,3.19,228,1064,-205,13,2.71,136,623,-95,1.83,3.7,4.33,2020,1,808
236,15,7,45,-23,40,6,9,65,11,66,5,1.6,44,190,-107,16,6.53,224,1989,1060,1.83,3.7,4.33,2020,1,412
237,0,0,0,0,0,4,2,67,28,71,19,0.65,92,365,-145,25,3.52,257,1547,241,1.83,3.7,4.33,2020,1,583
238,2,7,89,67,97,7,9,47,1,57,14,4.86,262,1774,728,29,1.76,49,203,-124,1.83,3.7,4.33,2020,1,747
239,2,7,89,67,97,10,7,52,-3,52,14,4.86,262,1774,728,28,3.19,228,1064,-205,1.83,3.7,4.33,2020,1,1885
240,17,9,35,-25,36,10,7,52,-3,52,4,1.7,22,69,-45,28,3.19,228,1064,-205,1.83,3.7,4.33,2020,2,495
241,0,0,0,0,0,13,9,42,-6,45,19,0.65,92,365,-145,18,1.65,234,1249,14,1.83,3.7,4.33,2020,2,934
242,8,9,54,8,54,11,8,52,-7,50,9,3.25,296,1357,46,26,1.78,51,240,-137,1.83,3.7,4.33,2020,2,1249
243,3,9,63,24,72,9,7,51,3,52,7,5.02,257,1770,768,13,2.71,136,623,-95,1.83,3.7,4.33,2020,2,1663
244,7,9,47,1,57,6,9,65,11,66,29,1.76,49,203,-124,16,6.53,224,1989,1060,1.83,3.7,4.33,2020,2,683
245,0,0,0,0,0,14,6,56,-14,45,2,1.3,275,1117,-69,3,1.99,36,201,-64,1.83,3.7,4.33,2020,2,1601
246,0,0,0,0,0,12,7,51,-2,49,20,0.62,36,128,-40,8,2.76,96,425,-139,1.83,3.7,4.33,2020,2,701
247,16,12,45,-20,39,2,7,89,67,97,21,2.67,214,937,-150,14,4.86,262,1774,728,1.83,3.7,4.33,2020,2,904
248,5,7,73,22,70,15,7,45,-23,40,1,4.85,260,1845,832,5,1.6,44,190,-107,1.83,3.7,4.33,2020,2,1
249,1,2,95,72,98,4,2,67,28,71,15,5.99,196,1374,399,25,3.52,257,1547,241,1.83,3.7,4.33,2020,2,1326
250,12,7,51,-2,49,8,9,54,8,54,8,2.76,96,425,-139,9,3.25,296,1357,46,1.83,3.7,4.33,2020,2,1238
251,11,8,52,-7,50,17,9,35,-25,36,26,1.78,51,240,-137,4,1.7,22,69,-45,1.83,3.7,4.33,2020,2,1630
252,10,7,52,-3,52,1,2,95,72,98,28,3.19,228,1064,-205,15,5.99,196,1374,399,1.83,3.7,4.33,2020,2,1363
253,14,6,56,-14,45,0,0,0,0,0,3,1.99,36,201,-64,20,0.62,36,128,-40,1.83,3.7,4.33,2020,2,1867
254,9,7,51,3,52,7,9,47,1,57,13,2.71,136,623,-95,29,1.76,49,203,-124,1.83,3.7,4.33,2020,2,219
255,15,7,45,-23,40,16,12,45,-20,39,5,1.6,44,190,-107,21,2.67,214,937,-150,1.83,3.7,4.33,2020,2,1478
256,2,7,89,67,97,0,0,0,0,0,14,4.86,262,1774,728,19,0.65,92,365,-145,1.83,3.7,4.33,2020,2,1686
257,13,9,42,-6,45,5,7,73,22,70,18,1.65,234,1249,14,1,4.85,260,1845,832,1.83,3.7,4.33,2020,2,1039
258,4,2,67,28,71,0,0,0,0,0,25,3.52,257,1547,241,2,1.3,275,1117,-69,1.83,3.7,4.33,2020,2,1000
259,6,9,65,11,66,3,9,63,24,72,16,6.53,224,1989,1060,7,5.02,257,1770,768,1.83,3.7,4.33,2020,2,272
260,1,2,95,72,98,9,7,51,3,52,15,5.99,196,1374,399,13,2.71,136,623,-95,1.83,3.7,4.33,2020,2,1007
261,17,9,35,-25,36,0,0,0,0,0,4,1.7,22,69,-45,20,0.62,36,128,-40,1.83,3.7,4.33,2020,2,699
262,13,9,42,-6,45,12,7,51,-2,49,18,1.65,234,1249,14,8,2.76,96,425,-139,1.83,3.7,4.33,2020,2,625
263,0,0,0,0,0,16,12,45,-20,39,2,1.3,275,1117,-69,21,2.67,214,937,-150,1.83,3.7,4.33,2020,2,1326
264,14,6,56,-14,45,15,7,45,-23,40,3,1.99,36,201,-64,5,1.6,44,190,-107,1.83,3.7,4.33,2020,2,139
265,4,2,67,28,71,3,9,63,24,72,25,3.52,257,1547,241,7,5.02,257,1770,768,1.83,3.7,4.33,2020,2,393
266,11,8,52,-7,50,6,9,65,11,66,26,1.78,51,240,-137,16,6.53,224,1989,1060,1.83,3.7,4.33,2020,2,171
267,0,0,0,0,0,7,9,47,1,57,19,0.65,92,365,-145,29,1.76,49,203,-124,1.83,3.7,4.33,2020,2,843
268,8,9,54,8,54,5,7,73,22,70,9,3.25,296,1357,46,1,4.85,260,1845,832,1.83,3.7,4.33,2020,2,1064
269,10,7,52,-3,52,2,7,89,67,97,28,3.19,228,1064,-205,14,4.86,262,1774,728,1.83,3.7,4.33,2020,2,470
270,0,0,0,0,0,0,0,0,0,0,20,0.62,36,128,-40,2,1.3,275,1117,-69,1.83,3.7,4.33,2020,2,1116
271,9,7,51,3,52,0,0,0,0,0,13,2.71,136,623,-95,19,0.65,92,365,-145,1.83,3.7,4.33,2020,2,1824
272,12,7,51,-2,49,17,9,35,-25,36,8,2.76,96,425,-139,4,1.7,22,69,-45,1.83,3.7,4.33,2020,2,243
273,5,7,73,22,70,1,2,95,72,98,1,4.85,260,1845,832,15,5.99,196,1374,399,1.83,3.7,4.33,2020,2,488
274,3,9,63,24,72,14,6,56,-14,45,7,5.02,257,1770,768,3,1.99,36,201,-64,1.83,3.7,4.33,2020,2,1054
275,16,12,45,-20,39,10,7,52,-3,52,21,2.67,214,937,-150,28,3.19,228,1064,-205,1.83,3.7,4.33,2020,2,271
276,15,7,45,-23,40,13,9,42,-6,45,5,1.6,44,190,-107,18,1.65,234,1249,14,1.83,3.7,4.33,2020,2,763
277,2,7,89,67,97,11,8,52,-7,50,14,4.86,262,1774,728,26,1.78,51,240,-137,1.83,3.7,4.33,2020,2,1699
278,7,9,47,1,57,4,2,67,28,71,29,1.76,49,203,-124,25,3.52,257,1547,241,1.83,3.7,4.33,2020,3,1455
279,6,9,65,11,66,8,9,54,8,54,16,6.53,224,1989,1060,9,3.25,296,1357,46,1.83,3.7,4.33,2020,3,1508
280,17,9,35,-25,36,7,9,47,1,57,4,1.7,22,69,-45,29,1.76,49,203,-124,1.83,3.7,4.33,2020,3,231
281,14,6,56,-14,45,2,7,89,67,97,3,1.99,36,201,-64,14,4.86,262,1774,728,1.83,3.7,4.33,2020,3,1484
282,11,8,52,-7,50,12,7,51,-2,49,26,1.78,51,240,-137,8,2.76,96,425,-139,1.83,3.7,4.33,2020,3,1701
283,4,2,67,28,71,15,7,45,-23,40,25,3.52,257,1547,241,5,1.6,44,190,-107,1.83,3.7,4.33,2020,3,1130
284,0,0,0,0,0,0,0,0,0,0,19,0.65,92,365,-145,20,0.62,36,128,-40,1.83,3.7,4.33,2020,3,700
285,10,7,52,-3,52,5,7,73,22,70,28,3.19,228,1064,-205,1,4.85,260,1845,832,1.83,3.7,4.33,2020,3,1328
286,13,9,42,-6,45,16,12,45,-20,39,18,1.65,234,1249,14,21,2.67,214,937,-150,1.83,3.7,4.33,2020,3,1207
287,8,9,54,8,54,3,9,63,24,72,9,3.25,296,1357,46,7,5.02,257,1770,768,1.83,3.7,4.33,2020,3,1282
288,1,2,95,72,98,6,9,65,11,66,15,5.99,196,1374,399,16,6.53,224,1989,1060,1.83,3.7,4.33,2020,3,1059
289,0,0,0,0,0,9,7,51,3,52,2,1.3,275,1117,-69,13,2.71,136,623,-95,1.83,3.7,4.33,2020,3,613
290,12,7,51,-2,49,14,6,56,-14,45,8,2.76,96,425,-139,3,1.99,36,201,-64,1.83,3.7,4.33,2020,3,904
291,9,7,51,3,52,11,8,52,-7,50,13,2.71,136,623,-95,26,1.78,51,240,-137,1.83,3.7,4.33,2020,3,1720
292,16,12,45,-20,39,0,0,0,0,0,21,2.67,214,937,-150,19,0.65,92,365,-145,1.83,3.7,4.33,2020,3,907
293,15,7,45,-23,40,1,2,95,72,98,5,1.6,44,190,-107,15,5.99,196,1374,399,1.83,3.7,4.33,2020,3,1171
294,0,0,0,0,0,13,9,42,-6,45,20,0.62,36,128,-40,18,1.65,234,1249,14,1.83,3.7,4.33,2020,3,553
295,5,7,73,22,70,17,9,35,-25,36,1,4.85,260,1845,832,4,1.7,22,69,-45,1.83,3.7,4.33,2020,3,1027
296,3,9,63,24,72,0,0,0,0,0,7,5.02,257,1770,768,2,1.3,275,1117,-69,1.83,3.7,4.33,2020,3,1413
297,7,9,47,1,57,10,7,52,-3,52,29,1.76,49,203,-124,28,3.19,228,1064,-205,1.83,3.7,4.33,2020,3,170
298,6,9,65,11,66,4,2,67,28,71,16,6.53,224,1989,1060,25,3.52,257,1547,241,1.83,3.7,4.33,2020,3,1173
299,2,7,89,67,97,8,9,54,8,54,14,4.86,262,1774,728,9,3.25,296,1357,46,1.83,3.7,4.33,2020,3,415
300,10,7,52,-3,52,4,2,67,28,71,28,3.19,228,1064,-205,25,3.52,257,1547,241,1.83,3.7,4.33,2020,3,1029
301,11,8,52,-7,50,15,7,45,-23,40,26,1.78,51,240,-137,5,1.6,44,190,-107,1.83,3.7,4.33,2020,3,1115
302,1,2,95,72,98,3,9,63,24,72,15,5.99,196,1374,399,7,5.02,257,1770,768,1.83,3.7,4.33,2020,3,1418
303,14,6,56,-14,45,7,9,47,1,57,3,1.99,36,201,-64,29,1.76,49,203,-124,1.83,3.7,4.33,2020,3,468
304,0,0,0,0,0,13,9,42,-6,45,2,1.3,275,1117,-69,18,1.65,234,1249,14,1.83,3.7,4.33,2020,3,1406
305,12,7,51,-2,49,2,7,89,67,97,8,2.76,96,425,-139,14,4.86,262,1774,728,1.83,3.7,4.33,2020,3,818
306,8,9,54,8,54,0,0,0,0,0,9,3.25,296,1357,46,19,0.65,92,365,-145,1.83,3.7,4.33,2020,3,1853
307,0,0,0,0,0,6,9,65,11,66,20,0.62,36,128,-40,16,6.53,224,1989,1060,1.83,3.7,4.33,2020,3,692
308,17,9,35,-25,36,9,7,51,3,52,4,1.7,22,69,-45,13,2.71,136,623,-95,1.83,3.7,4.33,2020,3,639
309,5,7,73,22,70,16,12,45,-20,39,1,4.85,260,1845,832,21,2.67,214,937,-150,1.83,3.7,4.33,2020,3,900
310,13,9,42,-6,45,14,6,56,-14,45,18,1.65,234,1249,14,3,1.99,36,201,-64,1.83,3.7,4.33,2020,4,201
311,6,9,65,11,66,17,9,35,-25,36,16,6.53,224,1989,1060,4,1.7,22,69,-45,1.83,3.7,4.33,2020,4,514
312,4,2,67,28,71,0,0,0,0,0,25,3.52,257,1547,241,20,0.62,36,128,-40,1.83,3.7,4.33,2020,4,374
313,7,9,47,1,57,0,0,0,0,0,29,1.76,49,203,-124,2,1.3,275,1117,-69,1.83,3.7,4.33,2020,4,372
314,16,12,45,-20,39,11,8,52,-7,50,21,2.67,214,937,-150,26,1.78,51,240,-137,1.83,3.7,4.33,2020,4,400
315,3,9,63,24,72,10,7,52,-3,52,7,5.02,257,1770,768,28,3.19,228,1064,-205,1.83,3.7,4.33,2020,4,985
316,9,7,51,3,52,8,9,54,8,54,13,2.71,136,623,-95,9,3.25,296,1357,46,1.83,3.7,4.33,2020,4,1227
317,0,0,0,0,0,5,7,73,22,70,19,0.65,92,365,-145,1,4.85,260,1845,832,1.83,3.7,4.33,2020,4,1373
318,2,7,89,67,97,1,2,95,72,98,14,4.86,262,1774,728,15,5.99,196,1374,399,1.83,3.7,4.33,2020,4,469
319,15,7,45,-23,40,12,7,51,-2,49,5,1.6,44,190,-107,8,2.76,96,425,-139,1.83,3.7,4.33,2020,4,1795
320,11,8,52,-7,50,3,9,63,24,72,26,1.78,51,240,-137,7,5.02,257,1770,768,1.83,3.7,4.33,2020,4,132
321,1,2,95,72,98,16,12,45,-20,39,15,5.99,196,1374,399,21,2.67,214,937,-150,1.83,3.7,4.33,2020,4,692
322,17,9,35,-25,36,0,0,0,0,0,4,1.7,22,69,-45,19,0.65,92,365,-145,1.83,3.7,4.33,2020,4,1525
323,10,7,52,-3,52,13,9,42,-6,45,28,3.19,228,1064,-205,18,1.65,234,1249,14,1.83,3.7,4.33,2020,4,863
324,8,9,54,8,54,4,2,67,28,71,9,3.25,296,1357,46,25,3.52,257,1547,241,1.83,3.7,4.33,2020,4,1017
325,14,6,56,-14,45,6,9,65,11,66,3,1.99,36,201,-64,16,6.53,224,1989,1060,1.83,3.7,4.33,2020,4,759
326,0,0,0,0,0,15,7,45,-23,40,20,0.62,36,128,-40,5,1.6,44,190,-107,1.83,3.7,4.33,2020,4,1125
327,0,0,0,0,0,2,7,89,67,97,2,1.3,275,1117,-69,14,4.86,262,1774,728,1.83,3.7,4.33,2020,4,583
328,5,7,73,22,70,7,9,47,1,57,1,4.85,260,1845,832,29,1.76,49,203,-124,1.83,3.7,4.33,2020,4,731
329,12,7,51,-2,49,9,7,51,3,52,8,2.76,96,425,-139,13,2.71,136,623,-95,1.83,3.7,4.33,2020,4,1637
330,3,9,63,24,72,12,7,51,-2,49,7,5.02,257,1770,768,8,2.76,96,425,-139,1.83,3.7,4.33,2020,4,1757
331,15,7,45,-23,40,10,7,52,-3,52,5,1.6,44,190,-107,28,3.19,228,1064,-205,1.83,3.7,4.33,2020,4,559
332,9,7,51,3,52,5,7,73,22,70,13,2.71,136,623,-95,1,4.85,260,1845,832,1.83,3.7,4.33,2020,4,955
333,16,12,45,-20,39,8,9,54,8,54,21,2.67,214,937,-150,9,3.25,296,1357,46,1.83,3.7,4.33,2020,4,500
334,13,9,42,-6,45,1,2,95,72,98,18,1.65,234,1249,14,15,5.99,196,1374,399,1.83,3.7,4.33,2020,4,835
335,4,2,67,28,71,14,6,56,-14,45,25,3.52,257,1547,241,3,1.99,36,201,-64,1.83,3.7,4.33,2020,4,1340
336,0,0,0,0,0,11,8,52,-7,50,19,0.65,92,365,-145,26,1.78,51,240,-137,1.83,3.7,4.33,2020,4,234
337,7,9,47,1,57,0,0,0,0,0,29,1.76,49,203,-124,20,0.62,36,128,-40,1.83,3.7,4.33,2020,4,1368
338,2,7,89,67,97,17,9,35,-25,36,14,4.86,262,1774,728,4,1.7,22,69,-45,1.83,3.7,4.33,2020,4,1737
339,6,9,65,11,66,0,0,0,0,0,16,6.53,224,1989,1060,2,1.3,275,1117,-69,1.83,3.7,4.33,2020,4,350
340,10,7,52,-3,52,0,0,0,0,0,28,3.19,228,1064,-205,19,0.65,92,365,-145,1.83,3.7,4.33,2020,4,512
341,15,7,45,-23,40,2,7,89,67,97,5,1.6,44,190,-107,14,4.86,262,1774,728,1.83,3.7,4.33,2020,4,1424
342,3,9,63,24,72,0,0,0,0,0,7,5.02,257,1770,768,20,0.62,36,128,-40,1.83,3.7,4.33,2020,4,842
343,12,7,51,-2,49,0,0,0,0,0,8,2.76,96,425,-139,2,1.3,275,1117,-69,1.83,3.7,4.33,2020,4,1817
344,5,7,73,22,70,4,2,67,28,71,1,4.85,260,1845,832,25,3.52,257,1547,241,1.83,3.7,4.33,2020,4,724
345,8,9,54,8,54,7,9,47,1,57,9,3.25,296,1357,46,29,1.76,49,203,-124,1.83,3.7,4.33,2020,4,807
346,16,12,45,-20,39,6,9,65,11,66,21,2.67,214,937,-150,16,6.53,224,1989,1060,1.83,3.7,4.33,2020,4,51
347,9,7,51,3,52,14,6,56,-14,45,13,2.71,136,623,-95,3,1.99,36,201,-64,1.83,3.7,4.33,2020,4,1510
348,1,2,95,72,98,17,9,35,-25,36,15,5.99,196,1374,399,4,1.7,22,69,-45,1.83,3.7,4.33,2020,4,1697
349,13,9,42,-6,45,11,8,52,-7,50,18,1.65,234,1249,14,26,1.78,51,240,-137,1.83,3.7,4.33,2020,4,818
350,4,2,67,28,71,13,9,42,-6,45,25,3.52,257,1547,241,18,1.65,234,1249,14,1.83,3.7,4.33,2020,5,981
351,11,8,52,-7,50,10,7,52,-3,52,26,1.78,51,240,-137,28,3.19,228,1064,-205,1.83,3.7,4.33,2020,5,477
352,0,0,0,0,0,9,7,51,3,52,20,0.62,36,128,-40,13,2.71,136,623,-95,1.83,3.7,4.33,2020,5,1830
353,0,0,0,0,0,8,9,54,8,54,2,1.3,275,1117,-69,9,3.25,296,1357,46,1.83,3.7,4.33,2020,5,613
354,0,0,0,0,0,3,9,63,24,72,19,0.65,92,365,-145,7,5.02,257,1770,768,1.83,3.7,4.33,2020,5,1489
355,2,7,89,67,97,5,7,73,22,70,14,4.86,262,1774,728,1,4.85,260,1845,832,1.83,3.7,4.33,2020,5,171
356,14,6,56,-14,45,1,2,95,72,98,3,1.99,36,201,-64,15,5.99,196,1374,399,1.83,3.7,4.33,2020,5,1363
357,7,9,47,1,57,15,7,45,-23,40,29,1.76,49,203,-124,5,1.6,44,190,-107,1.83,3.7,4.33,2020,5,457
358,17,9,35,-25,36,16,12,45,-20,39,4,1.7,22,69,-45,21,2.67,214,937,-150,1.83,3.7,4.33,2020,5,1013
359,6,9,65,11,66,12,7,51,-2,49,16,6.53,224,1989,1060,8,2.76,96,425,-139,1.83,3.7,4.33,2020,5,22
360,16,12,45,-20,39,14,6,56,-14,45,21,2.67,214,937,-150,3,1.99,36,201,-64,1.83,3.7,4.33,2020,5,1755
361,13,9,42,-6,45,17,9,35,-25,36,18,1.65,234,1249,14,4,1.7,22,69,-45,1.83,3.7,4.33,2020,5,875
362,8,9,54,8,54,0,0,0,0,0,9,3.25,296,1357,46,20,0.62,36,128,-40,1.83,3.7,4.33,2020,5,1611
363,5,7,73,22,70,0,0,0,0,0,1,4.85,260,1845,832,2,1.3,275,1117,-69,1.83,3.7,4.33,2020,5,1844
364,3,9,63,24,72,2,7,89,67,97,7,5.02,257,1770,768,14,4.86,262,1774,728,1.83,3.7,4.33,2020,5,612
365,1,2,95,72,98,11,8,52,-7,50,15,5.99,196,1374,399,26,1.78,51,240,-137,1.83,3.7,4.33,2020,5,1593
366,9,7,51,3,52,4,2,67,28,71,13,2.71,136,623,-95,25,3.52,257,1547,241,1.83,3.7,4.33,2020,5,684
367,15,7,45,-23,40,0,0,0,0,0,5,1.6,44,190,-107,19,0.65,92,365,-145,1.83,3.7,4.33,2020,5,1342
368,10,7,52,-3,52,6,9,65,11,66,28,3.19,228,1064,-205,16,6.53,224,1989,1060,1.83,3.7,4.33,2020,5,634
369,12,7,51,-2,49,7,9,47,1,57,8,2.76,96,425,-139,29,1.76,49,203,-124,1.83,3.7,4.33,2020,5,927
370,0,0,0,0,0,16,12,45,-20,39,20,0.62,36,128,-40,21,2.67,214,937,-150,1.83,3.7,4.33,2020,5,518
371,0,0,0,0,0,1,2,95,72,98,19,0.65,92,365,-145,15,5.99,196,1374,399,1.83,3.7,4.33,2020,5,1763
372,17,9,35,-25,36,15,7,45,-23,40,4,1.7,22,69,-45,5,1.6,44,190,-107,1.83,3.7,4.33,2020,5,1166
373,14,6,56,-14,45,8,9,54,8,54,3,1.99,36,201,-64,9,3.25,296,1357,46,1.83,3.7,4.33,2020,5,37
374,2,7,89,67,97,13,9,42,-6,45,14,4.86,262,1774,728,18,1.65,234,1249,14,1.83,3.7,4.33,2020,5,9
375,11,8,52,-7,50,5,7,73,22,70,26,1.78,51,240,-137,1,4.85,260,1845,832,1.83,3.7,4.33,2020,5,296
376,7,9,47,1,57,3,9,63,24,72,29,1.76,49,203,-124,7,5.02,257,1770,768,1.83,3.7,4.33,2020,5,662
377,6,9,65,11,66,9,7,51,3,52,16,6.53,224,1989,1060,13,2.71,136,623,-95,1.83,3.7,4.33,2020,5,897
378,0,0,0,0,0,10,7,52,-3,52,2,1.3,275,1117,-69,28,3.19,228,1064,-205,1.83,3.7,4.33,2020,5,650
379,4,2,67,28,71,12,7,51,-2,49,25,3.52,257,1547,241,8,2.76,96,425,-139,1.83,3.7,4.33,2020,5,801
